State,Landfill Name,Current Landfill Status,Latitude,Longitude
AK,Anchorage Regional Landfill,Open,61.293281,-149.602138
AK,Capitol Disposal Landfill,Open,58.3528,-134.4947
AK,Central Peninsula Landfill (CPL),Open,60.44714,-151.10369
AK,Palmer Central Landfill,Open,61.59,-149.21
AK,South Cushman Landfill,Open,64.80476,-147.70085
AL,Arrowhead Landfill,Open,32.413,-87.4685
AL,Black Warrior Solid Waste Facility,Open,33.24314,-87.66585
AL,Brundidge Landfill,Open,31.7041,-85.8299
AL,Cedar Hill Landfill,Open,33.68345,-86.25272
AL,Chastang SLF,Open,31.06179,-88.02503
AL,City of Decatur-Morgan County Regional MSW Landfill,Open,34.6175,-87.10163
AL,City of Dothan SLF MSWLF,Open,31.238766,-85.356721
AL,Coffee County Sanitary Landfill,Open,31.507053,-86.000975
AL,Cullman Environmental Waste Management Center,Open,34.02878,-86.90069
AL,Eastern Area Landfill,Open,33.5978,-86.6288
AL,Huntsville MSWLF,Open,34.6885,-86.592
AL,Jefferson County LF No. 1,Open,33.711,-86.873
AL,Jefferson County LF No. 2,Open,33.7077,-86.7104
AL,Magnolia Subtitle D MSW LF,Open,30.45727,-87.7761
AL,Morris Farm Landfill,Open,34.70381,-87.22116
AL,New Georgia MSWLF,Open,33.585,-86.815
AL,North Montgomery SLF MSWLF,Open,32.4131,-86.3245
AL,Pine View SLF MSWLF,Open,33.71458,-87.04981
AL,Salem Landfill,Open,32.65347,-85.2636
AL,Sand Valley Landfill,Open,34.342,-85.862
AL,Scottsboro Landfill,Open,34.756,-85.919
AL,Shelby County Highway 70 Landfill,Open,33.171785,-86.687566
AL,Shoals Solid Waste Disposal Authority (SSWDA) LF,Open,34.694,-87.6609
AL,Star Ridge Landfill,Open,33.60527,-86.51658
AL,"Stones Throw Landfill, LLC",Open,32.5154,-85.8311
AL,Three Corners Landfill,Open,33.9962,-85.7254
AL,Timberlands Landfill,Open,31.2593,-87.1923
AL,"Turkey Trot Landfill, LLC",Open,31.15848,-88.19
AL,Willow Ridge Landfill,Open,34.17569,-87.60779
AR,Ashley County Landfill,Open,33.212,-91.84759
AR,Cherokee Village Landfill,Open,36.28126,-91.63128
AR,City of Conway Landfill,Open,35.1119,-92.5068
AR,City of Helena - West Helena Regional LF,Open,34.56726,-90.629
AR,City of Hope Landfill,Open,33.6422,-93.6781
AR,City of Morrilton Landfill,Open,35.1297,-92.6976
AR,Craighead County Solid Waste Disposal Authority LF,Open,35.719434,-90.68862
AR,Crittenden County Sanitary Landfill,Open,35.13597,-90.25606
AR,Eco-Vista Landfill,Open,36.140147,-94.256073
AR,EMS Class 1 Landfill,Open,34.311,-91.272
AR,Fort Smith SLF,Open,35.2926,-94.3704
AR,Jackson County Landfill,Open,35.5894,-91.0922
AR,Jefferson County Landfill,Open,34.34676,-92.19214
AR,Little Rock City SW Landfill,Open,34.65129,-92.30241
AR,Mississippi County LF,Open,35.78,-89.97
AR,Northeast AR RSWMD Landfill Phases 2 & 3,Open,36.085,-90.4539
AR,Ozark Ridge Landfill,Open,35.09,-93.2079
AR,"Rolling Meadows Landfill, Inc.",Open,34.8476,-91.59002
AR,Saline County RWMD LF,Open,34.5606,-92.4818
AR,Two Pine Landfill,Open,34.8371,-92.1497
AR,Union County Recycling & Disposal Facility,Open,33.32,-92.6855
AR,Upper Southwest RSWMD,Open,34.075,-93.868
AZ,Apache County Regional Landfill - Blue Hills,Open,34.529,-109.312
AZ,Apache Junction LF,Open,33.37893,-111.52877
AZ,Butterfield Station Landfill,Open,33.08,-112.2757
AZ,Cactus Landfill,Open,32.7679,-111.3223
AZ,Cinder Lake MSW LF,Open,35.307,-111.517
AZ,City of Glendale Municipal Landfill,Open,33.5364,-112.3065
AZ,Cochise County Western Regional Landfill,Open,31.718,-110.288
AZ,Copper Mountain Landfill,Open,32.649,-114.05565
AZ,Dudleyville Landfill,Open,32.9997,-110.7879
AZ,Durham Regional Landfill,Open,32.68,-111.291
AZ,Gray Wolf Regional Landfill,Open,34.5167,-112.0483
AZ,Huachuca City Landfill,Open,31.637,-110.329
AZ,La Paz County Landfill,Open,33.951822,-114.216539
AZ,Lake Havasu Landfill,Open,34.5463,-114.339
AZ,Los Reales Landfill,Open,32.1192,-110.88
AZ,Marana Regional Landfill,Open,32.410302,-111.283295
AZ,Mohave Valley Landfill,Open,35.0135,-114.567
AZ,Northwest Regional MSW Landfill,Open,33.678,-112.481
AZ,Painted Desert Landfill,Open,34.998,-110.3347
AZ,Rio Rico MSW Landfill,Open,31.5194,-111.0186
AZ,Salt River Landfill,Open,33.508775,-111.778214
AZ,South Yuma County Landfill,Open,32.5689,-114.61613
AZ,Southwest Regional Landfill,Open,33.34469,-112.62391
AZ,State Route 85 Landfill,Open,33.178917,-112.66485
CA,Allied Imperial Landfill,Open,32.858,-115.526
CA,Altamont Landfill & Resource Recovery Facility,Open,37.75,-121.65667
CA,Alturas SLF,Open,41.45861,-120.56556
CA,American Avenue Landfill,Open,36.66171,-120.1457
CA,Anderson Landfill,Open,40.45,-122.283334
CA,Antelope Valley Recycling and Disposal Facility,Open,34.56768,-118.14994
CA,Avenal Regional Landfill,Open,36.01195,-120.11535
CA,Badlands SLF,Open,33.95349,-117.11758
CA,Bakersfield Metropolitan SLF (BENA),Open,35.34387,-118.75847
CA,Barstow Sanitary Landfill,Open,34.83389,-117.02
CA,Bass Hill LF,Open,40.35281,-120.55508
CA,Benton SLF,Open,37.81825,-118.4686
CA,Billy Wright Landfill,Open,37.03949,-120.97235
CA,Bishop Sunland,Open,37.32961,-118.40007
CA,Blythe Disposal Site,Open,33.70478,-114.62673
CA,Boron SLF,Open,34.99028,-117.6475
CA,Borrego Landfill,Open,33.248,-116.293
CA,Buena Vista Drive SLF,Open,36.91738,-121.81142
CA,Burbank LF Site No. 3,Open,34.21018,-118.31192
CA,Calabasas SLF,Open,34.14862,-118.70953
CA,Calexico Solid Waste Disposal Site,Open,32.6764,-115.54565
CA,California Street LF,Open,34.08861,-117.221
CA,Camp Roberts Solid Waste Disposal Site,Open,35.77509,-120.7343
CA,Chester SLF,Open,40.32667,-121.13833
CA,Chicago Grade LF,Open,35.52333,-120.63028
CA,Chiquita Canyon SLF,Open,34.42806,-118.64661
CA,City of Clovis LF,Open,36.943,-119.685
CA,City of Lompoc SLF,Open,34.65271,-120.44256
CA,City of Paso Robles LF,Open,35.663,-120.532
CA,City of Santa Cruz SLF,Open,36.97602,-122.10608
CA,Clover Flat Landfill,Open,38.5848,-122.534
CA,Cold Canyon LF Solid Waste Disposal Site,Open,35.1873,-120.59579
CA,CWMI - KHF (MSW Landfill B-19),Open,36.1003959,-120.0202964
CA,Desert Center LF,Open,33.77754,-115.40867
CA,Eastlake SLF,Open,38.95333,-122.60083
CA,Edwards Air Force Base-Main Base LF,Open,34.95605,-117.95627
CA,El Sobrante SLF,Open,33.79923,-117.46786
CA,Fairmead Solid Waste Disposal Site,Open,37.06468,-120.1991
CA,Fink Road LF,Open,37.38816,-121.13633
CA,"Foothill Sanitary Landfill, Inc.",Open,38.0371,-120.94489
CA,Fort Irwin Sanitary Landfill,Open,35.26589,-116.66233
CA,Forward Landfill,Open,37.874624,-121.1833
CA,Frank R. Bowerman SLF,Open,33.72053,-117.70947
CA,Glenn County LF Site,Open,39.634,-122.285
CA,Guadalupe Rubbish Disposal Facility,Open,37.21139,-121.90139
CA,Highway 59 Landfill,Open,37.39389,-120.49778
CA,Hot Spa Cut & Fill Site,Open,33.41528,-115.67611
CA,Imperial Waste Site,Open,32.84552,-115.68112
CA,Independence Disposal Site,Open,36.7884,-118.17586
CA,John Smith Road Class III Landfill,Open,36.825,-121.324
CA,Johnson Canyon SLF,Open,36.53167,-121.40667
CA,Keller Canyon LF,Open,38.00472,-121.93611
CA,Kiefer LF,Open,38.52099,-121.1989
CA,Kirby Canyon Recycling & Disposal Facility,Open,37.18507,-121.67109
CA,L & D Landfill Company,Open,38.528,-121.378
CA,Lamb Canyon Sanitary Landfill,Open,33.88389,-116.99722
CA,Lancaster Landfill,Open,34.7474,-118.1165
CA,Landers Sanitary Landfill,Open,34.24048,-116.38152
CA,Las Pulgas LF,Open,33.36444,-117.41921
CA,Lone Pine Disposal Site,Open,36.59421,-118.03495
CA,Mariposa County SLF,Open,37.50432,-120.0058
CA,Mecca LF II,Open,33.57194,-116.00306
CA,Mid-Valley Sanitary LF,Open,34.14333,-117.43
CA,Mojave-Rosamond SLF,Open,34.99336,-118.13881
CA,Monterey Peninsula SLF,Open,36.71333,-121.76667
CA,Neal Road Recycling and Waste Facility,Open,39.67425,-121.72929
CA,"Newby Island SLF Phases I, II, & III",Open,37.45897,-121.94108
CA,Niland Cut & Fill Site,Open,33.27111,-115.49167
CA,North County SLF,Open,38.097,-121.10194
CA,Oasis Disposal Site,Open,33.439,-116.0815
CA,Olinda Alpha SLF,Open,33.93361,-117.84361
CA,Otay LF,Open,32.604,-117.005
CA,Ox Mountain SLF,Open,37.499,-122.412
CA,Pebbly Beach Disposal Site,Open,33.329985,-118.309585
CA,Potrero Hills SLF,Open,38.22333,-121.97778
CA,Prima Deshecha SLF,Open,33.48654,-117.62491
CA,Pumice Valley SLF,Open,37.90694,-119.06528
CA,Recology Hay Road LF,Open,38.31497,-121.83164
CA,Recology Ostrom Road LF,Open,39.07171,-121.3925
CA,Redwood SLF,Open,38.1661,-122.57922
CA,Ridgecrest-Inyokern SLF,Open,35.60254,-117.73755
CA,Rock Creek LF,Open,38.03535,-120.8418
CA,Salton City Solid Waste Site,Open,33.22944,-115.98611
CA,San Clemente Island Landfill,Open,32.964782,-118.538887
CA,San Onofre LF,Open,33.39667,-117.54028
CA,San Timoteo Solid Waste Disposal Site,Open,34.0117,-117.2133
CA,Santa Maria Regional Landfill,Open,34.9525,-120.3831
CA,Savage Canyon LF,Open,33.9799,-118.0171
CA,Scholl Canyon SLF,Open,34.15188,-118.19673
CA,Shafter-Wasco SLF,Open,35.51042,-119.41085
CA,Shoshone Disposal Site,Open,35.9708,-116.24444
CA,Sierra Army Depot,Open,40.16278,-120.15889
CA,Simi Valley LF,Open,34.29454,-118.79544
CA,Sonoma County Central Disposal Site,Open,38.29694,-122.74222
CA,Stonyford Disposal Site,Open,39.36037,-122.54461
CA,Sunshine Canyon Landfill,Open,34.32352,-118.50294
CA,Sycamore SLF,Open,32.8496,-117.02667
CA,Taft SLF,Open,35.20377,-119.45314
CA,Tajiguas SLF,Open,34.47694,-120.12417
CA,Teapot Dome Landfill,Open,36.02111,-119.10583
CA,Tecopa Disposal Site,Open,35.85071,-116.18246
CA,Tehachapi SLF,Open,35.12362,-118.34031
CA,Tehama County/Red Bluff Landfill,Open,40.196,-122.29742
CA,Toland Road SLF,Open,34.4025,-118.99806
CA,U.S.M.C. 29 Palms Disposal Site,Open,34.133334,-116.05
CA,Vandenberg Air Force Base LF,Open,34.7197,-120.52418
CA,Vasco Road SLF,Open,37.75333,-121.72333
CA,Victorville Sanitary Landfill,Open,34.59333,-117.27
CA,Visalia Landfill,Open,36.39222,-119.39194
CA,Walker SLF,Open,38.5545,-119.4548
CA,West Central LF,Open,40.48156,-122.53498
CA,West Miramar SLF,Open,32.856,-117.162
CA,Western Regional SLF,Open,38.83583,-121.34472
CA,Westwood Disposal Facility,Open,40.318,-121.02272
CA,Yolo County Central LF,Open,38.59028,-121.69222
CA,Zanker Road (Nine Par) SLF,Open,37.43325,-121.95713
CO,Archuleta County Landfill,Open,37.156395,-107.0525
CO,Broad Canyon Landfill,Open,38.158012,-108.518126
CO,Broadacres Landfill Inc.,Open,38.138888,-104.485279
CO,Buffalo Ridge Landfill,Open,40.19,-104.53
CO,Colorado Springs Landfill,Open,38.843,-104.58
CO,Denver Arapahoe Disposal Site (DADS),Open,39.66,-104.69
CO,Eagle County Landfill,Open,39.725,-106.661
CO,East Regional Landfill (ERL),Open,39.842346,-104.489113
CO,Foothills Landfill,Open,39.849,-105.226
CO,Fountain Landfill,Open,38.68181,-104.628676
CO,Front Range Landfill,Open,40.020405,-105.012673
CO,Larimer County Landfill,Open,40.505078,-105.122846
CO,Mesa County Landfill,Open,39.012,-108.492
CO,Midway Landfill,Open,38.5475,-104.657819
CO,Milner Landfill,Open,40.469085,-107.03937
CO,Montrose County Landfill,Open,38.52717,-107.818073
CO,Morgan County SWDLF,Open,40.3143,-103.7351
CO,North Weld SLF,Open,40.58217,-104.83177
CO,Phantom Landfill,Open,38.468739,-105.116272
CO,Pitkin County Solid Waste Center,Open,39.285,-106.9175
CO,Sedalia Recycling Center & Depository,Open,39.447543,-104.965458
CO,South Canyon Landfill,Open,39.551,-107.42
CO,Southside Solid Waste Disposal Site,Open,38.22127,-104.708434
CO,Summit County Landfill,Open,39.608,-105.997
CO,Tower Landfill Inc.,Open,39.85052,-104.77187
CO,West Garfield County Landfill,Open,39.517,-107.905
CT,Manchester LF,Open,41.7684,-72.5604
DE,Cherry Island Landfill,Open,39.7308,-75.52
DE,Jones Crossroads Landfill,Open,38.596,-75.439
DE,Sandtown Landfill,Open,39.0327,-75.7251
FL,A.C.M.S. Inc.,Open,28.743151,-82.091653
FL,Aucilla Area SW Facility Class I & 2,Open,30.45833,-83.60833
FL,Bridgeway Acres LF,Open,27.867647,-82.6757
FL,Broward County Landfill,Open,26.03785,-80.42495
FL,Cedar Trail Landfill (CTL),Open,27.89808,-81.884525
FL,Central County Solid Waste Disposal Complex,Open,27.201577,-82.390646
FL,Citrus County Central Landfill,Open,28.85198,-82.43651
FL,Collier County Landfill,Open,26.1634,-81.6585
FL,Hernando County Northwest Landfill,Open,28.66735,-82.486788
FL,Highlands County Solid Waste Management Center,Open,27.5106,-81.3155
FL,Indian River County LF Class I,Open,27.578,-80.485
FL,J.E.D. Solid Waste Management Facility,Open,28.064,-81.098
FL,Lake County Central Phase I Landfill,Open,28.75558,-81.735811
FL,Lee/Hendry County Regional SW Disposal Facility,Open,26.55979,-81.5204
FL,Lena Road Class I Landfill,Open,27.470055,-82.443497
FL,Medley Landfill,Open,25.8586,-80.3508
FL,Monarch Hill Landfill,Open,26.283,-80.161
FL,New River Regional LF,Open,30.0932,-82.2052
FL,"Nine Mile Road, Inc.",Open,30.0087,-81.4023
FL,North Central Landfill,Open,28.02389,-81.847245
FL,North Dade Landfill,Open,25.9679,-80.2862
FL,Okeechobee LF,Open,27.34104,-80.6966
FL,Orange County SLF,Open,28.481,-81.2083
FL,Osceola Landfill,Open,28.79278,-81.0882
FL,PBCSWA RRF Site #7,Open,26.763,-80.137436
FL,PCSW Resource Recovery Facility,Open,28.369724,-82.560119
FL,Perdido LF,Open,30.57654,-87.3897
FL,Putnam County Central SLF,Open,29.7196,-81.6655
FL,Santa Rosa Central LF,Open,30.5785,-87.0664
FL,South Dade Solid Waste Disposal Facility,Open,25.5445,-80.3477
FL,Southeast Hillsborough County LF,Open,27.77639,-82.187501
FL,Springhill Regional Landfill,Open,30.92104,-85.42854
FL,St. Lucie County Baling and Recycling Facility,Open,27.390834,-80.395557
FL,Steelfield Road Landfill,Open,30.36226,-85.917
FL,Tomoka Farms Road LF,Open,29.1285,-81.0806
FL,Trail Ridge Landfill Inc.,Open,30.2246,-82.0447
FL,Winfield Solid Waste Facility,Open,30.2563,-82.703986
FL,Zemel Road Landfill,Open,26.794446,-81.960278
GA,Athens-Clarke County Landfill,Open,33.929,-83.2627
GA,Atkinson County - SR 50 MSWL,Open,31.319415,-82.964286
GA,Bartow County MSWLF,Open,34.1438,-84.7648
GA,Broadhurst Environmental Landfill,Open,31.4708,-81.9411
GA,Camden County SR 110 MSW Landfill,Open,30.85909,-81.854516
GA,Cedar Grove Landfill,Open,33.085973,-84.208563
GA,"Chesser Island Road Landfill, Inc. MSWL",Open,30.7079,-82.0811
GA,City of LaGrange Landfill,Open,33.0463,-84.9532
GA,City of Thomasville MSWLF,Open,30.805802,-83.91265
GA,City of Tifton / Omega / Eldorado Road LF,Open,31.357773,-83.536981
GA,Clayton County SR 3 Lovejoy Landfill,Open,33.44,-84.307
GA,Columbus Pine Grove MSWLF,Open,32.483999,-84.850799
GA,Crisp County Landfill,Open,31.866967,-83.749031
GA,Deans Bridge Road MSWLF,Open,33.35257,-82.14324
GA,Decatur County Solid Waste Facility,Open,30.71,-84.405
GA,Dougherty County Fleming/Gaissert Road LF,Open,31.532784,-84.028353
GA,Eagle Point Landfill LLC,Open,34.325556,-84.240833
GA,"Evergreen Landfill, Inc.",Open,30.808,-83.3625
GA,Fort Stewart Landfill,Open,31.887204,-81.643534
GA,Gordon County Redbone Ridges LF,Open,34.510557,-84.765811
GA,Grady Road Landfill,Open,33.9968,-85.167
GA,Habersham County SR13 MSWL,Open,34.555381,-83.45889
GA,Hall County Candler Road MSWLF,Open,34.242574,-83.800764
GA,Jefferson County CR-138 MSWL,Open,33.1018,-82.4164
GA,Laurens County - Old Macon Road MSWL,Open,32.585913,-83.049101
GA,Macon Bibb Walker Road MSWL,Open,32.8,-83.611
GA,Murray County Landfill,Open,34.68076,-84.73063
GA,Newton County Landfill,Open,33.551581,-83.895508
GA,Oak Grove Landfill,Open,33.9659,-83.7728
GA,Old Dixie Highway MSW Landfill,Open,34.6516,-84.945
GA,Pine Bluff Landfill,Open,34.273,-84.387
GA,Pine Ridge Landfill,Open,33.240017,-84.118684
GA,R & B (Banks) Landfill,Open,34.35184,-83.42719
GA,Richland Creek Road Landfill,Open,34.127,-84.0353
GA,Savannah-Dean Forest Road SL,Open,32.078,-81.22
GA,Seminole Road MSW Landfill,Open,33.6552,-84.2525
GA,SR247 MSW Landfill,Open,32.399561,-83.55573
GA,Superior Landfill & Recycling Center,Open,32.025,-81.28
GA,"Toombs County-S1898, PH 3 MSWLF",Open,32.146467,-82.388566
GA,Turkey Run Landfill,Open,33.163696,-84.848925
GA,Union Hill Church Road MSWLF,Open,32.954,-83.329
GA,Walker Mountain Landfill,Open,34.19,-85.214799
GA,"WI Taylor County Disposal, LLC",Open,32.462263,-84.371526
GA,"Wolf Creek Landfill, LLC",Open,32.770535,-83.437873
GU,Layon Municipal Solid Waste Landfill,Open,13.429707,144.649457
HI,Central Maui Landfill,Open,20.86,-156.419
HI,Hana Landfill,Open,20.76778,-155.98859
HI,Kaneohe Marine Corps Air Station Landfill,Open,21.448,-157.731
HI,Kekaha Landfill/Phases I & II,Open,22.03452,-159.73029
HI,Lanai Landfill,Open,20.794,-156.967
HI,Naiwa Landfill,Open,21.118,-157.062
HI,Waimanalo Gulch Landfill & Ash Monofill,Open,21.344,-158.11279
HI,West Hawaii Landfill/Puuanahulu,Open,19.889013,-155.880297
IA,Benton County Sanitary Landfill,Open,41.875716,-92.096757
IA,Black Hawk County SLF (Area E),Open,42.414,-92.32758
IA,Boone County Landfill,Open,42.02985,-93.9194
IA,Carroll County Sanitary Landfill,Open,42.07127,-94.90601
IA,Cass County Sanitary Landfill,Open,41.37859,-94.92788
IA,Cedar Rapids Linn County Solid Waste Landfill #2,Open,42.09371,-91.55547
IA,Central Disposal Landfill,Open,43.382,-93.572
IA,Cherokee County Sanitary Landfill,Open,42.734733,-95.524642
IA,City of Muscatine LF,Open,41.5173,-90.843
IA,Clinton County SLF (East),Open,41.85905,-90.25866
IA,Des Moines County Regional Sanitary Landfill,Open,40.849,-91.196
IA,Dickinson Landfill Inc.,Open,43.37178,-95.07733
IA,Dubuque Metropolitan SLF,Open,42.45501,-90.77686
IA,Floyd-Mitchell-Chickasaw Counties Landfill,Open,43.236747,-92.560748
IA,Fremont County Sanitary Landfill,Open,40.690489,-95.64234
IA,Great River Regional Solid Waste Authority Landfill,Open,40.656,-91.3095
IA,Harrison County Sanitary Landfill,Open,41.640812,-95.76831
IA,Iowa City SLF,Open,41.645,-91.624
IA,Iowa County Sanitary Landfill,Open,41.764875,-91.833059
IA,Landfill of North Iowa,Open,43.126,-93.3003
IA,Loess Hills Regional SLF,Open,41.022,-95.639
IA,Mahaska County Sanitary Landfill,Open,41.224726,-92.647692
IA,Marshall County SLF,Open,42.036,-92.982
IA,Metro Park East Landfill,Open,41.600722,-93.345265
IA,Metro Park West Landfill,Open,41.864805,-94.162246
IA,Newton SLF,Open,41.671,-93.0655
IA,North Central Iowa Regional SWA Sanitary Landfill,Open,42.47227,-94.169712
IA,Northern Plains Regional Landfill,Open,43.21016,-94.75247
IA,Northwest Iowa Area SWA Landfill,Open,43.1299,-95.894119
IA,Ottumwa-Wapello County SLF,Open,41.08,-92.473
IA,Page County Sanitary Landfill,Open,40.750904,-95.110657
IA,RIWMA Landfill,Open,42.40687,-93.245378
IA,Scott Area SLF,Open,41.47444,-90.68864
IA,SEMCO Landfill,Open,41.181234,-92.024355
IA,South Central Iowa Landfill,Open,41.339,-93.955
IA,South Central Iowa Sanitary Landfill,Open,41.25995,-92.95676
IA,South Dallas County Sanitary Landfill,Open,41.620605,-94.040214
IA,Tama County Sanitary Landfill,Open,42.027799,-92.568628
IA,Wayne-Ringgold-Decatur County Sanitary Landfill,Open,40.733385,-93.962667
IA,Winneshiek County Sanitary Landfill,Open,43.225,-91.67
ID,Ada County Landfill,Open,43.698,-116.283
ID,Bear Lake County Landfill,Open,42.3213,-111.2479
ID,Bennett Road Landfill,Open,43.078,-115.576
ID,Bonneville County Landfill,Open,43.4288,-111.8572
ID,Boundary County Landfill,Open,48.718577,-116.317134
ID,Butte County Arco Sanitary Landfill,Open,,
ID,Butte County Howe Landfill,Open,43.7885,-113.015
ID,Circular Butte Sanitary LF,Open,43.851,-112.539
ID,Clay Peak Landfill,Open,44.064474,-116.861139
ID,Fighting Creek Farm Landfill,Open,47.534,-116.934
ID,Fort Hall Mine Landfill,Open,42.782,-112.375
ID,Glenns Ferry Landfill,Open,,
ID,Goodrich Landfill,Open,44.635,-116.486
ID,Hub Butte Landfill,Open,42.4182,-114.4991
ID,Island Park Sanitary Landfill,Open,44.4505,-111.3705
ID,Lemhi County Landfill 1,Open,45.118893,-113.861523
ID,Milner Butte Landfill,Open,42.462,-114.005
ID,Pickles Butte SLF,Open,43.493,-116.704
ID,Simco Road Regional Landfill,Open,43.256283,-115.902837
ID,St. Anthony Landfill,Open,43.9808,-111.6779
IL,Brickyard Disposal & Recycling Inc.,Open,40.09966,-87.6163
IL,Clinton Landfill Inc.,Open,40.114,-88.958
IL,Cottonwood Hills LF,Open,38.26,-89.78
IL,Countryside LF,Open,42.32424,-88.0289
IL,DeKalb County LF,Open,41.898,-88.686
IL,Envirofil of Illinois Inc.,Open,40.484333,-90.638
IL,Five Oaks RDF,Open,39.54693,-89.29487
IL,Hickory Ridge Landfill Inc.,Open,39.698,-90.914
IL,Illinois Landfill Inc.,Open,40.445375,-87.63883
IL,Indian Creek Landfill #2,Open,40.427915,-89.464918
IL,Knox County LF #3,Open,41.015,-90.248
IL,LandComp Landfill,Open,41.347899,-88.913509
IL,Landfill 33 Ltd.,Open,39.101,-88.526
IL,Lee County Landfill,Open,41.731,-89.395
IL,Litchfield-Hillsboro LF,Open,39.17,-89.615
IL,Livingston LF,Open,40.93178,-88.65735
IL,Milam Recycling and Disposal Facility,Open,38.6547,-90.1302
IL,Orchard Hills Landfill Inc.,Open,42.14322,-89.0769
IL,Peoria City/County Landfills #1 and #2,Open,40.742538,-89.798606
IL,"Perry Ridge Landfill, Inc.",Open,38.035,-89.301
IL,Prairie View RDF,Open,41.34,-88.13
IL,Quad Cities Landfill Phase IV,Open,41.379843,-90.510288
IL,RCS Landfill,Open,39.08687,-90.31789
IL,Rochelle Municipal #2,Open,41.926,-88.997
IL,Roxana LF,Open,38.8274,-90.0125
IL,Sangamon Valley Landfill Inc.,Open,39.860188,-89.607711
IL,Southern Illinois Regional LF,Open,37.8417,-89.258
IL,Sumner Landfill,Open,38.7167,-87.8063
IL,Upper Rock Island County LF,Open,41.53629,-90.3766
IL,Valley View Landfill Inc.,Open,39.8245,-89.0432
IL,Wayne County Landfill,Open,38.38,-88.447
IL,West End Disposal Facility,Open,37.875604,-88.702646
IL,Whiteside County Landfill,Open,41.79635,-89.88612
IL,Winnebago Landfill,Open,42.1597,-89.0554
IL,Zion Landfill,Open,42.48483,-87.88497
IN,Bartholomew County Landfill II,Open,39.127,-85.9225
IN,Blackfoot Landfill,Open,38.33,-87.15
IN,Caldwell LF,Open,39.686,-85.723
IN,Clark-Floyd LF,Open,38.444,-85.847
IN,Clinton County Landfill,Open,40.326,-86.559
IN,County Line LF,Open,41.16767,-86.23489
IN,Daviess County LF,Open,38.62371,-87.04515
IN,Decatur Hills LF,Open,39.30695,-85.42849
IN,Earthmovers LF,Open,41.62324,-85.97372
IN,Elkhart County Landfill,Open,41.6335,-85.9775
IN,Hayes Landfill,Open,39.88778,-85.37626
IN,"Hoosier Landfill, Inc.",Open,41.1165,-85.7869
IN,Jay County LF,Open,40.376,-85.093
IN,Laubscher Meadows LF,Open,38.0411,-87.6485
IN,Liberty Landfill,Open,40.886,-86.7
IN,Medora SLF,Open,38.8671,-86.1997
IN,National Serv-All LF,Open,41.03109,-85.21634
IN,New Paris Pike LF,Open,39.8512,-84.8315
IN,Newton County Landfill,Open,40.9263,-87.3487
IN,Oak Ridge RDF,Open,40.71977,-86.3462
IN,Prairie View RDF,Open,41.5005,-86.1725
IN,Randolph Farms LF,Open,40.07745,-85.11042
IN,South Side Landfill Inc.,Open,39.72794,-86.20847
IN,Sycamore Ridge Landfill & Victory Landfill,Open,39.3055,-87.3315
IN,Twin Bridges RDF,Open,39.75,-86.5
IN,United Refuse LF,Open,41.0387,-85.2112
IN,Wabash Valley LF,Open,40.822,-85.8
IN,Washington County LF,Open,38.6405,-86.1233
IN,West Clinton LF,Open,39.6938,-87.4139
KS,Allen County LF,Open,37.90316,-95.2808
KS,Barber County Landfill,Open,37.110916,-98.565688
KS,Barton County SLF,Open,38.41,-98.708
KS,Butler County Landfill,Open,37.76591,-96.89779
KS,Chanute LF,Open,37.667198,-95.42963
KS,Cheyenne County Landfill,Open,39.76449,-101.667657
KS,City of Oakley Landfill,Open,39.106552,-100.838715
KS,City of Sharon Springs Landfill,Open,38.858327,-101.748016
KS,Clark County Landfill,Open,37.1783,-99.78775
KS,Clay County LF,Open,39.4228,-97.1402
KS,Coffey County LF,Open,38.2065,-95.708
KS,Decatur County Landfill,Open,39.83217,-100.43927
KS,Finney County Landfill / Western Plains Regional LF,Open,37.94,-100.767
KS,Ford County Open LF,Open,37.8642,-100.0495
KS,Gove County Landfill,Open,39.07573,-100.37527
KS,Graham County LF,Open,39.3345,-99.841
KS,Hamilton County Landfill,Open,37.999689,-101.769505
KS,Hamm SLF,Open,39.0465,-95.2626
KS,Haskell County Landfil,Open,37.488696,-100.832037
KS,Hodgeman County Landfill,Open,38.079142,-99.863964
KS,Johnson County LF,Open,39.04226,-94.79455
KS,Kearny County Landfill,Open,37.960388,-101.306279
KS,Kiowa County Landfill,Open,37.533855,-99.294238
KS,Logan County Landfill,Open,38.99283,-101.18315
KS,McPherson County Landfill,Open,38.4784,-97.6536
KS,Morton County Landfill,Open,37.063748,-101.76376
KS,Ness County Landfill,Open,38.53504,-99.90702
KS,Oak Grove Landfill,Open,37.62973,-94.64125
KS,Osborne County Landfill,Open,39.34949,-98.70699
KS,Phillips County LF,Open,39.747,-99.3385
KS,Plumb Thicket Landfill,Open,37.373,-97.961
KS,Pratt County LF,Open,37.612,-98.7325
KS,Rawlins County Landfill,Open,39.78478,-101.05018
KS,Reno County MSWLF,Open,38.04,-98
KS,Resource Recovery LF,Open,37.212,-95.58
KS,Rolling Meadows LF,Open,39.17906,-95.72004
KS,Rooks County LF,Open,39.307,-99.305
KS,Rush County Landfill,Open,38.368405,-99.269851
KS,Russell County LF,Open,38.957525,-98.848158
KS,Salina MSWLF,Open,38.7581,-97.6868
KS,Seward County Landfill,Open,37.04836,-100.90394
KS,Sherman County Landfill,Open,39.16651,-101.76471
KS,Smith County Landfill,Open,39.802005,-98.699323
KS,Stanton County Landfill,Open,37.60468,-101.773196
KS,Stevens County Landfill,Open,37.193771,-101.331164
KS,Thomas County Landfill,Open,39.389559,-101.006313
KS,Trego County LF,Open,38.958,-99.898
KS,Unified Greeley County Landfill,Open,38.485273,-101.744279
KS,Wichita County LF,Open,38.45251,-101.34195
KY,Bavarian Trucking Company LF,Open,38.8631,-84.656
KY,Benson Valley LF,Open,38.13136,-84.9807
KY,Blue Ridge RDF,Open,37.7269,-83.9855
KY,Boyd County Sanitary Landfill,Open,38.3718,-82.747
KY,Central Kentucky Landfill,Open,38.346693,-84.545753
KY,Glasgow Regional Landfill,Open,36.9857,-85.956
KY,Green Valley Landfill,Open,38.399,-82.811
KY,Hardin County Landfill,Open,37.7361,-85.6994
KY,Hopkins County Regional Landfill,Open,37.1408,-87.3996
KY,Laurel Ridge Landfill Inc.,Open,37.01111,-84.07897
KY,Maysville-Mason County LF,Open,38.59011,-83.71531
KY,Morehead Landfill Inc.,Open,38.189024,-83.542983
KY,Nelson County SWDF,Open,37.8169,-85.5392
KY,Ohio County Balefill Landfill,Open,37.408,-86.9325
KY,Outer Loop RDF,Open,38.13577,-85.71612
KY,Pike County Landfill,Open,37.5816,-82.4414
KY,Rumpke/Montgomery County LF,Open,37.9506,-83.9529
KY,Rumpke/Pendleton County LF,Open,38.732,-84.41
KY,"Tri-K Landfill, Inc.",Open,37.47,-84.6599
KY,Valley View LF,Open,38.505,-85.29
KY,Waste Path Sanitary Landfill LLC,Open,37.0514,-88.3961
KY,West Daviess County Landfill,Open,37.667,-87.28
KY,West Kentucky Landfill,Open,36.7149,-88.6748
LA,Acadia Parish SLF,Open,30.2546,-92.5306
LA,Choctaw Road Landfill,Open,30.87724,-90.03477
LA,Colonial LF,Open,30.149167,-90.872778
LA,EBR Parish North Landfill,Open,30.599,-91.234
LA,"Harold J. ""Babe"" Landry LF",Open,29.68,-91.242
LA,Jefferson Davis Parish Landfill,Open,30.27083,-92.865
LA,Jefferson Parish SLF,Open,29.926,-90.254
LA,Magnolia Landfill,Open,32.478,-91.998
LA,Mundy Landfill,Open,32.06,-93.592
LA,"Reliable Landfill, LLC",Open,30.55,-91.47
LA,River Birch Landfill,Open,29.932,-90.258
LA,Sabine Parish SLF,Open,31.6155,-93.555
LA,St. Landry Parish LF,Open,30.68627,-92.06458
LA,Tangipahoa Parish Regional Solid Waste Facility,Open,30.6862,-90.5653
LA,Tensas Parish LF,Open,31.987,-91.271
LA,Timberlane Landfill,Open,30.8669,-92.607
LA,Union Parish SLF,Open,32.818,-92.386
LA,Vermilion Parish Landfill,Open,30.03,-92.1364
LA,Webster Parish LF,Open,32.628,-93.394
LA,West Carroll SLF,Open,32.7635,-91.3464
LA,White Oaks Landfill,Open,32.49697,-91.98176
LA,Woodside SLF & Recycling Center,Open,30.48846,-90.82688
LA,Woolworth Road Landfill,Open,32.38072,-93.90013
MA,Bondi Island Landfill,Open,42.1027,-72.5889
MA,Bourne LF,Open,41.728,-70.5813
MA,Crapo Hill LF,Open,41.725,-70.982
MA,Fitchburg-Westminster LF,Open,42.53596,-71.85388
MA,Haverhill Landfill,Open,42.76464,-71.12504
MA,Middleborough Landfill,Open,41.9257,-70.83147
MA,Nantucket LF,Open,41.279,-70.165
MA,Sturbridge Landfill,Open,42.043815,-72.118011
MD,Alpha Ridge SLF,Open,39.305776,-76.898803
MD,Beulah Municipal Landfill,Open,38.6735,-75.8994
MD,Brown Station Road Sanitary Landfill,Open,38.851,-76.789
MD,Cecil County Central Landfill,Open,39.5969,-75.9136
MD,Central SLF,Open,38.2159,-75.3186
MD,Charles County Landfill #2,Open,38.572,-76.886
MD,Eastern Sanitary Landfill Solid Waste Management Facility (ESL),Open,39.3948,-76.3964
MD,Forty West SLF,Open,39.6567,-77.82
MD,Garrett County SWD and RF,Open,39.45075,-79.40754
MD,Harford Waste Disposal Center,Open,39.63963,-76.30235
MD,Honey-Go-Run Reclamation,Open,39.39383,-76.42418
MD,Midshore II - Regional Solid Waste Facility,Open,38.948,-75.8593
MD,Millersville SLF,Open,39.0945,-76.6656
MD,Mountainview SLF,Open,39.60212,-78.92121
MD,Newland Park SLF,Open,38.385,-75.6336
MD,Northern SLF,Open,39.554,-76.94
MD,Quarantine Road SLF,Open,39.2085,-76.5549
MD,Reich's Ford Road SLF,Open,39.3754,-77.3528
MD,Westover/Ring SLF,Open,38.1191,-75.7328
ME,Brunswick LF,Open,43.97,-70.037
ME,Crossroads LF,Open,44.6888,-69.8652
ME,ecomaine Landfill/Ashfill,Open,43.63887,-70.369449
ME,Hatch Hill LF,Open,44.3228,-69.7087
ME,Juniper Ridge Landfill,Open,44.9813,-68.7247
ME,Presque Isle LF,Open,46.602,-68.039
ME,Tri-Community LF,Open,46.86,-67.908
MI,Arbor Hills Landfill Inc.,Open,42.40684,-83.55579
MI,Autumn Hills Recycling & Disposal Facility,Open,42.781,-85.9207
MI,Brent Run Landfill,Open,43.176846,-83.838258
MI,C&C Landfill,Open,42.36108,-85.0087
MI,Carleton Farms Landfill,Open,42.09394,-83.42973
MI,"Central Sanitary Landfill, Inc.",Open,43.33783,-85.52274
MI,Citizens Disposal Landfill,Open,42.91468,-83.72249
MI,City of Midland Sanitary LF,Open,43.62637,-84.17153
MI,Dafter Sanitary Landfill Inc,Open,46.337,-84.444
MI,Delta County Landfill,Open,45.76467,-87.131
MI,Eagle Valley RDF,Open,42.72265,-83.25478
MI,Elk Run Sanitary Landfill,Open,45.2824,-84.2238
MI,Glen's Sanitary Landfill Inc.,Open,44.78978,-85.841
MI,Granger Grand River LF,Open,42.7896,-84.6935
MI,Granger Wood Street Landfill,Open,42.76355,-84.55778
MI,Hastings Sanitary Landfill,Open,42.681,-85.298
MI,Hiawatha Shores Landfill Inc.,Open,46.065933,-86.058754
MI,Huron Landfill,Open,43.76087,-83.05931
MI,K&W LF,Open,46.7974,-89.1446
MI,Kent County - South Kent LF,Open,42.78271,-85.67065
MI,Manistee County LF,Open,44.1757,-86.26532
MI,Marquette County SWL,Open,46.48959,-87.471525
MI,McGill Road Landfill,Open,42.2913,-84.3698
MI,Menominee Landfill,Open,45.17373,-87.62938
MI,Montmorency-Oscoda-Alpena Landfill,Open,44.935,-84.12
MI,Muskegon County SWF,Open,43.2351,-85.9905
MI,Northern Oaks Recycling & Disposal Facility,Open,43.993,-84.798
MI,Oakland Heights Development Landfill,Open,42.70846,-83.24873
MI,Orchard Hill SLF,Open,42.17127,-86.28116
MI,Ottawa County Farms Landfill,Open,43.0502,-85.95682
MI,"People's Landfill, Inc.",Open,43.2802,-83.869
MI,Pine Tree Acres LF Inc.,Open,42.7649,-82.7456
MI,Pitsch Sanitary Landfill,Open,43.102915,-85.184846
MI,Riverview Land Preserve,Open,42.15621,-83.21208
MI,Sauk Trail Hills Landfill,Open,42.2744,-83.4563
MI,Smiths Creek Landfill,Open,42.91743,-82.59168
MI,Southeast Berrien County Landfill,Open,41.81354,-86.32723
MI,Tri-City RDF,Open,43.437,-82.7318
MI,Venice Park Recycling & Disposal Facility,Open,42.979932,-83.972657
MI,Vienna Junction Landfill,Open,41.7329,-83.50908
MI,Waters Landfill,Open,44.855,-84.68
MI,Westside Recycling and Disposal Facility,Open,41.91555,-85.692
MI,Wexford County Landfill,Open,44.3528,-85.3994
MI,Whitefeather Landfill,Open,43.8963,-83.9482
MI,Wood Island Waste Management Inc.,Open,46.37663,-86.59535
MI,Woodland Meadows Landfill,Open,42.2652,-83.4315
MN,Blue Earth County/Ponderosa Sanitary Landfill,Open,44.123,-94.093
MN,Brown County SLF,Open,44.281,-94.597
MN,Burnsville SLF,Open,44.782,-93.319
MN,Clay County SLF,Open,46.8357,-96.412
MN,Cottonwood County Sanitary Landfill,Open,43.947337,-95.203222
MN,Crow Wing County SLF,Open,46.4305,-94.0683
MN,East Central SLF (ECSWC),Open,45.84607,-93.35722
MN,Elk River SLF Inc.,Open,45.37721,-93.56445
MN,Kandiyohi County SLF,Open,45.275,-95.0092
MN,Lyon County SLF,Open,44.347,-95.9
MN,Mar-Kit Sanitary Landfill,Open,48.783308,-96.816449
MN,Morrison County Landfill,Open,45.9337,-94.303
MN,Nobles County Landfill Inc.,Open,43.672715,-95.756084
MN,Olmsted County/Kalmar LF,Open,44.046,-92.588
MN,Pine Bend Landfill,Open,44.77917,-93.05711
MN,Polk County SLF,Open,47.7777,-96.3836
MN,Rice County SLF,Open,44.3777,-93.2266
MN,Spruce Ridge Landfill,Open,44.81586,-94.24837
MN,St. Louis County Regional Landfill,Open,47.527434,-92.485227
MN,Steele County SLF,Open,43.952,-93.1058
MO,Backridge Landfill,Open,40.016,-91.523
MO,Black Oak Landfill,Open,37.2398,-92.4585
MO,Central Missouri SLF,Open,38.7253,-93.287
MO,Champ Landfill,Open,38.743,-90.46
MO,City of Washington Sanitary Landfill,Open,38.587159,-91.057179
MO,Columbia SLF,Open,39.0144,-92.2541
MO,"Courtney Ridge Landfill, LLC",Open,39.141087,-94.388472
MO,Eagle Ridge Sanitary Landfill,Open,39.4214,-91.2182
MO,IESI Timber Ridge Landfill,Open,38.172,-90.77
MO,Jefferson City Sanitary Landfill,Open,38.5435,-92.1
MO,Lemons East Sanitary Landfill / Lemons West Landfill,Open,36.832771,-89.9412
MO,Maple Hill Landfill Inc.,Open,39.7341,-92.5387
MO,Prairie Valley Landfill,Open,38.120802,-91.429348
MO,Prairie View Regional Waste Facility,Open,37.551,-94.311
MO,Show-Me Regional Landfill,Open,38.72586,-93.66711
MO,Springfield Sanitary Landfill,Open,37.385,-93.35
MO,St. Joseph City SLF,Open,39.6714,-94.773
MS,Big River Landfill,Open,33.4063,-90.9606
MS,Central Landfill,Open,30.7073,-89.6017
MS,City of Canton SLF,Open,32.597,-90.06647
MS,City of Louisville Solid Waste Landfill,Open,33.1665,-89.055
MS,Clearview Environmental Control Facility,Open,32.2354,-89.3723
MS,Golden Triangle Regional Landfill,Open,33.5283,-88.6724
MS,Jefferson County LF,Open,31.652,-91.144
MS,Kemper County Solid Waste Landfill,Open,32.7982,-88.5726
MS,Leflore County Landfill,Open,33.4456,-90.2078
MS,Little Dixie Landfill,Open,32.4088,-90.24325
MS,MacLand Landfill,Open,30.50414,-88.5325
MS,Northeast Mississippi Regional Landfill,Open,34.9477,-88.93775
MS,Pecan Grove Sanitary Landfill,Open,30.427,-89.2669
MS,Pine Belt Regional Landfill,Open,31.4056,-89.0938
MS,Pine Ridge Sanitary Landfill,Open,32.3754,-88.6102
MS,Plantation Oaks Sanitary Landfill,Open,31.3576,-91.3954
MS,Prairie Bluff Sanitary Landfill,Open,33.9585,-88.9921
MS,Three Rivers Regional Landfill,Open,34.295073,-89.058313
MS,Tunica Landfill,Open,34.7877,-90.2483
MT,Beaverhead County Landfill,Open,45.22,-112.718
MT,Billings City Landfill,Open,45.7254,-108.545
MT,Butte-Silver Bow Landfill,Open,46.0233,-112.615
MT,City of Glendive Sanitary Landfill,Open,47.1035,-104.6929
MT,City of Hardin Landfill,Open,45.7355,-107.524
MT,City of Malta Landfill,Open,48.3222,-107.8668
MT,City of Shelby Landfill,Open,48.5097,-111.8358
MT,City of Wolf Point,Open,48.0993,-105.6615
MT,Coral Creek Landfill,Open,46.3016,-104.205
MT,Daniels County Landfill,Open,48.7765,-105.41
MT,Deer Lodge Disposal District,Open,46.3657,-112.7079
MT,Flathead County Landfill,Open,48.3117,-114.344
MT,Gallatin County Logan Landfill,Open,45.87462,-111.41042
MT,High Plains SLF,Open,47.62667,-111.189
MT,Hill County Landfill,Open,48.5405,-109.586
MT,Lewis & Clark County Landfill,Open,46.6719,-111.878
MT,Libby Class II Landfill,Open,48.426,-115.5618
MT,Miles City Area Solid Waste District,Open,46.4102,-105.7868
MT,Missoula Landfill,Open,46.9028,-114.011
MT,Northern Montana Joint Refuse Disposal District - Conrad,Open,48.302,-111.985
MT,Richland County Landfill,Open,47.8509,-104.2762
MT,Rosebud County Landfill,Open,45.958,-106.665
MT,Sheridan County Landfill,Open,48.7562,-104.592
MT,Town of Chester,Open,48.5043,-110.948
MT,Valley County Landfill,Open,48.1893,-106.565
MT,Valley View Landfill,Open,46.56937,-111.90459
NC,Alamance County Landfill,Open,35.93083,-79.29667
NC,Anson County Waste Management Facility,Open,34.973,-80.257
NC,Ashe County Landfill,Open,36.521,-81.368
NC,Blackburn SLF,Open,35.6077,-81.31
NC,Buncombe County New Landfill,Open,35.7272,-82.644
NC,Charlotte Motor Speedway Landfill V,Open,35.3457,-80.6826
NC,Cherokee County Subtitle D MSW Facility,Open,35.1786,-83.91
NC,City of Albemarle LF,Open,35.3173,-80.1658
NC,City of Greensboro White Street Landfill,Open,36.107,-79.73
NC,Cleveland County LF,Open,35.3287,-81.477
NC,Cumberland County Ann Street Landfill,Open,35.065,-78.868
NC,Davidson County LF,Open,35.8324,-80.1756
NC,East Carolina Regional LF,Open,36.112286,-77.071925
NC,Edgecombe County LF,Open,35.822,-77.565
NC,Foothills Environmental Landfill,Open,35.915,-81.593
NC,Gaston County LF,Open,35.3886,-81.1718
NC,Great Oak Landfill,Open,35.746,-79.752
NC,Hanes Mill Road Landfill,Open,36.1869,-80.2806
NC,Haywood County White Oak LF,Open,35.66343,-82.99866
NC,Iredell County LF,Open,35.7768,-80.8244
NC,JMN Landfill,Open,35.2096,-81.5013
NC,Johnston County MSW LF,Open,35.5117,-78.4295
NC,Kersey Valley Landfill,Open,35.9603,-79.9401
NC,Lincoln County Landfill,Open,35.430224,-81.352521
NC,Macon County LF,Open,35.202,-83.38
NC,New Hanover County Secure Landfill,Open,34.31948,-77.99035
NC,Onslow County LF,Open,34.7872,-77.5309
NC,Robeson County LF,Open,34.79,-78.908
NC,Rockingham County LF,Open,36.373554,-79.849585
NC,Rowan County LF,Open,35.75701,-80.55715
NC,"Sampson County Disposal, LLC",Open,34.982,-78.457
NC,South Wake LF (New),Open,35.675,-78.85
NC,Surry County LF 1 & LF 3,Open,36.4417,-80.5707
NC,Transylvania County SLF,Open,35.122,-82.844
NC,Tuscarora Long-Term Regional Landfill,Open,35.16296,-77.22612
NC,Upper Piedmont Regional Landfill,Open,36.324,-78.832
NC,US Marine Corps Base Camp Lejeune,Open,34.688,-77.322
NC,Uwharrie Environmental Regional LF,Open,35.3415,-79.961
NC,Wayne County LF,Open,35.2908,-78.0647
NC,Wilkes County LF 2,Open,36.2093,-80.9869
ND,Bismarck Landfill,Open,46.835,-100.7
ND,City of Fargo Landfill,Open,46.8835,-96.8613
ND,City of Minot LF,Open,48.2113,-101.352
ND,Dakota MSW Landfill,Open,46.2401,-97.6952
ND,Dickinson Landfill,Open,46.854376,-102.696955
ND,Grand Forks Active Landfill,Open,47.980171,-97.117604
ND,Jahner Sanitation Inc,Open,46.26738,-99.712641
ND,Jamestown Landfill,Open,46.90294,-98.56801
ND,McDaniel Landfill,Open,47.975,-101.105
ND,McKenzie County Landfill,Open,47.77577,-103.41547
ND,Mercer County Regional Landfill,Open,47.35739,-101.65787
ND,Noonan Landfill LLC,Open,48.87363,-103.00511
ND,Williston Municipal Landfill,Open,48.16586,-103.58256
NE,Alliance Disposal Area LF,Open,42.0902,-102.84788
NE,Beatrice Disposal Area LF,Open,40.21986,-96.76866
NE,Bluff Road Landfill,Open,40.9146,-96.6379
NE,Butler County Landfill Inc.,Open,41.2613,-97.0423
NE,City of Kimball Landfill,Open,41.2384,-103.69601
NE,Douglas County Recycling and Disposal Facility LF,Open,41.385,-96.241
NE,G&P Development Inc. Landfill,Open,40.747,-97.05
NE,Gering City Landfill,Open,41.830311,-103.68464
NE,Grand Island Regional Landfill,Open,40.895,-98.718
NE,Hastings SLF,Open,40.57,-98.433
NE,Holdrege Prairie Hill Landfill,Open,40.418,-99.374
NE,J Bar J Landfill,Open,40.984153,-101.818187
NE,Kearney Area Solid Waste Agency Landfill,Open,40.73,-99.176
NE,L.P. Gill LF,Open,42.47269,-96.61456
NE,Lexington Area Solid Waste Agency Landfill,Open,40.915,-99.75
NE,Loup Central Landfill,Open,41.259561,-98.54953
NE,"Nebraska Ecology Systems, Incorporated Landfill",Open,40.516,-97.765
NE,NNSWC LF,Open,41.786,-97.092
NE,Sidney Landfill,Open,41.158295,-102.958737
NE,Solid Waste Agency of Northwest Nebraska Landfill,Open,42.979625,-103.119107
NE,Valentine Area Solid Waste Agency MSW Landfill,Open,42.826701,-100.501
NE,York County LF,Open,40.905,-97.604
NH,Farmington Landfill,Open,43.3894,-71.0642
NH,Four Hills Landfill,Open,42.728,-71.518
NH,Lebanon Regional Solid Waste Facility,Open,43.6139,-72.3267
NH,Mount Carberry Landfill,Open,44.475,-71.162
NH,North Country Environmental Services LF,Open,44.26,-71.628
NH,Turnkey Recycling and Environmental Enterprise (TREE),Open,43.2448,-70.9695
NJ,Atlantic County Utilities Authority Landfill,Open,39.426,-74.54
NJ,Burlington County SLF,Open,40.076,-74.76
NJ,Cape May County MUA Secure Landfill,Open,39.2294,-74.7749
NJ,Cumberland County SWC,Open,39.45,-75.0996
NJ,Gloucester County Solid Waste Complex,Open,39.7125,-75.285
NJ,Middlesex County LF,Open,40.4688,-74.3961
NJ,Ocean County LF,Open,40.025,-74.255
NJ,Pennsauken SLF,Open,39.991,-75.0342
NJ,Salem County SLF,Open,39.5869,-75.3785
NJ,Sussex County LF 1-E,Open,41.094,-74.6719
NJ,Warren County District Landfill,Open,40.822044,-75.006147
NM,Caja del Rio Landfill,Open,35.677746,-106.087855
NM,Camino Real Landfill,Open,31.79,-106.592
NM,Cerro Colorado LF,Open,35.0105,-106.877
NM,Clovis Regional Solid Waste Facility,Open,34.390245,-103.178408
NM,Corralitos Regional Landfill,Open,32.245,-107.03
NM,Lea County Landfill,Open,32.4283,-103.07
NM,Otero/Greentree Regional Landfill,Open,32.5642,-106.029
NM,Rio Rancho Landfill,Open,35.2744,-106.671
NM,San Juan County Regional Landfill,Open,36.783,-108.0402
NM,Sand Point Landfill,Open,32.500534,-104.069167
NM,Sandoval County Landfill,Open,35.3064,-106.6284
NV,Apex Regional LF,Open,36.374,-114.86518
NV,Battle Mountain Sanitary Landfill,Open,40.6029,-116.9815
NV,Carson City Sanitary Landfill,Open,39.192,-119.675
NV,City of Elko Municipal Landfill,Open,40.838,-115.7225
NV,Crestline Sanitary Landfill,Open,37.6631,-114.1286
NV,Ely Sanitary Landfill,Open,39.2722,-114.8724
NV,Eureka Sanitary Landfill,Open,39.522803,-115.955997
NV,Goldfield Sanitary Landfill,Open,37.728419,-117.266076
NV,Hawthorne Sanitary Landfill,Open,38.504181,-118.668617
NV,Laughlin Landfill,Open,35.180611,-114.635802
NV,Lockwood Regional LF,Open,39.494,-119.615
NV,Mesquite Sanitary Landfill,Open,36.8922,-114.0759
NV,Nevada Test Site Sanitary Landfill,Open,36.657484,-116.014485
NV,Pahrump Valley Sanitary Landfill,Open,36.2465,-115.9826
NV,Pershing County Sanitary Landfill,Open,40.184063,-118.545254
NV,Round Mountain Sanitary Landfill,Open,38.743362,-117.109529
NV,Russell Pass Sanitary Landfill,Open,39.231538,-118.733792
NV,Tonopah Sanitary Landfill,Open,38.061362,-117.160484
NV,Tonopah Test Range Sanitary Landfill,Open,37.802876,-116.762241
NV,West Wendover Sanitary Landfill,Open,40.702,-114.135
NY,Albany Landfill,Open,42.7036,-73.8466
NY,Ava Landfill,Open,43.452965,-75.411583
NY,Bristol Hill SLF,Open,43.348,-76.34
NY,Broome County Landfill,Open,42.2368,-75.98338
NY,Chaffee LF,Open,42.582,-78.505
NY,Chautauqua County Landfill,Open,42.2015,-79.3156
NY,Chemung County Landfill,Open,42.037,-76.682
NY,Chenango County Landfill,Open,42.57,-75.6765
NY,Clinton County Regional Landfill,Open,44.691,-73.594
NY,Cortland County SLF,Open,42.5932,-76.0782
NY,DANC Solid Waste Management Facility,Open,43.82,-75.918
NY,Delaware County LF,Open,42.158,-75.052
NY,Franklin County Regional Landfill,Open,44.9815,-74.3323
NY,Fulton County LF,Open,43.0127,-74.4725
NY,Green Ridge Landfill,Open,43.186546,-73.614199
NY,High Acres LF and Recycling Center,Open,43.08695,-77.37943
NY,Hyland LF,Open,42.285,-78.015
NY,Madison County Landfill,Open,43.0308,-75.7045
NY,Mill Seat LF,Open,43.06504,-77.9328
NY,Modern Landfill Inc,Open,43.210708,-78.978997
NY,New Bath Landfill,Open,42.318,-77.382
NY,Niagara Falls Landfill,Open,43.09076,-78.9998
NY,Ontario County SLF,Open,42.8591,-77.0804
NY,Seneca Meadows SWMF,Open,42.91795,-76.84716
NY,Town of Colonie SLF,Open,42.807825,-73.730981
OH,American LF,Open,40.72,-81.264
OH,Apex Sanitary Landfill,Open,40.435,-80.91
OH,Athens-Hocking Reclamation Center,Open,39.46,-82.279
OH,Beech Hollow SLF,Open,39.1237,-82.4882
OH,Bond Road Landfill,Open,39.205893,-84.818464
OH,Carbon Limestone LF,Open,41.00163,-80.519
OH,Celina Landfill,Open,40.451412,-84.563404
OH,"Cherokee Run Landfill, Inc.",Open,40.4145,-83.725
OH,"Coshocton Landfill, Inc.",Open,40.224,-81.826
OH,County Environmental Landfill of Wyandot,Open,40.91,-83.33
OH,Countywide Recycling & Disposal LF,Open,40.66683,-81.42369
OH,Crawford County Sanitary LF,Open,40.8215,-82.869
OH,Defiance County Landfill,Open,41.252,-84.412224
OH,Erie County SLF,Open,41.344,-82.6035
OH,Evergreen Recycling & Disposal LF,Open,41.60598,-83.51224
OH,Franklin County SLF,Open,39.84186,-83.10904
OH,Gallia County LF,Open,38.984,-82.239
OH,Geneva Landfill,Open,41.793893,-80.905227
OH,Hancock County Sanitary LF,Open,41.1125,-83.6785
OH,Hoffman Road Sanitary LF,Open,41.6933,-83.5056
OH,Kimble Sanitary LF,Open,40.51139,-81.54137
OH,Lake County SWF,Open,41.756,-81.2004
OH,Lorain County Landfill I & II,Open,41.305,-82.175
OH,Mahoning LF,Open,40.914603,-80.585632
OH,Noble Road LF,Open,40.97586,-82.48737
OH,Ottawa County LF,Open,41.525,-83.033
OH,Pike Sanitation LF,Open,39.08577,-82.96376
OH,Pine Grove Landfill,Open,39.590021,-82.71237
OH,Preble County SLF,Open,39.7446,-84.6525
OH,Rumpke Brown County Landfill,Open,38.8973,-83.9018
OH,"Rumpke SLF, Inc.",Open,39.2745,-84.59822
OH,Stony Hollow Landfill Inc.,Open,39.71552,-84.25222
OH,Suburban South R&D,Open,39.876,-82.2885
OH,"Sunny Farms Landfill, LLC",Open,41.108433,-83.413297
OH,Tunnel Hill Reclamation Landfill,Open,39.735838,-82.158251
OH,Williams County LF,Open,41.51385,-84.5815
OH,Wilmington Sanitary LF,Open,39.44,-83.8512
OH,Wood County Landfill,Open,41.3772,-83.7377
OK,Alderson Regional Landfill,Open,34.928455,-95.764358
OK,American Environmental Landfill,Open,36.158803,-96.190532
OK,Canadian Valley Landfill,Open,35.34758,-96.80372
OK,Center Point Landfill,Open,35.543891,-96.647746
OK,Cherokee Nation SLF,Open,35.71223,-94.63732
OK,City of McAlester Landfill,Open,,
OK,City of Okmulgee Landfill,Open,35.603247,-95.890227
OK,City of Sallisaw Solid Waste Disposal Facility,Open,35.414166,-94.744806
OK,East Oak SLF,Open,35.50373,-97.41513
OK,Elk City Municipal Landfill,Open,35.425498,-99.496143
OK,Enid City Landfill,Open,36.36195,-97.859154
OK,Great Plains Landfill,Open,35.195179,-97.992425
OK,Lawton LF,Open,34.523,-98.4
OK,McCurtain County Landfill,Open,33.86093,-94.846107
OK,Muskogee Community LF,Open,35.71897,-95.42966
OK,Newcastle Landfill,Open,35.26531,-97.58247
OK,NW Oklahoma SWDA LF,Open,,
OK,Oklahoma City Landfill,Open,35.4455,-97.64
OK,Oklahoma Environmental Management Authority (OEMA) Landfill,Open,35.438,-97.9255
OK,Osage Landfill,Open,36.717611,-96.012747
OK,Pauls Valley Landfill,Open,34.713702,-97.204547
OK,Ponca City Landfill,Open,36.647,-97.11
OK,Porter Landfill,Open,35.85034,-95.51475
OK,Quarry LF,Open,36.20683,-95.83306
OK,Red Carpet Landfill Inc.,Open,36.458,-98.19
OK,Sayre Municipal Landfill,Open,35.333656,-99.630873
OK,Sooner Landfill,Open,35.18,-96.546
OK,Southeast OKC Landfill,Open,35.3972,-97.4592
OK,Southern OK Regional Disposal LF,Open,34.1891,-97.0382
OK,Southern Plains Landfill,Open,34.9326,-97.8132
OK,Stillwater Sanitary Landfill,Open,36.209557,-97.052136
OR,Ant Flat Landfill,Open,45.458,-117.256
OR,Baker Sanitary Landfill,Open,44.7047,-117.7851
OR,Burns-Hines Disposal Site,Open,43.5842,-119.0846
OR,Chemult Landfill,Open,43.2015,-121.7865
OR,Coffin Butte LF,Open,44.69915,-123.22506
OR,Columbia Ridge LF,Open,45.639234,-120.217237
OR,Crook County Landfill,Open,44.304,-120.912
OR,Dry Creek Landfill,Open,42.382,-122.773
OR,Finley Buttes Regional Landfill,Open,45.7447,-119.623
OR,Haines Landfill,Open,44.9294,-117.919
OR,Humbert Refuse Landfill,Open,45.834,-118.5579
OR,Knott Landfill,Open,44.01,-121.255
OR,Lytle Boulevard Landfill,Open,43.8763,-117.1518
OR,Milton-Freewater LF,Open,44.0945,-121.2936
OR,"Riverbend Landfill Company, Inc.",Open,45.161,-123.247
OR,Short Mountain LF,Open,43.9792,-123.0088
OR,Thomas Creek Road Landfill,Open,42.2835,-120.3677
OR,Wasco County Landfill,Open,45.56129,-121.14089
PA,Alliance SLF,Open,41.398,-75.735
PA,Arden LF,Open,40.2083,-80.2647
PA,Bethlehem Landfill,Open,40.625,-75.307
PA,Blue Ridge Landfill,Open,39.97204,-77.55683
PA,Bradford County Landfill,Open,41.777,-76.63
PA,"Chestnut Valley Landfill, Inc.",Open,39.897,-79.8388
PA,Commonwealth Environmental Systems (CES) LF,Open,40.675,-76.375
PA,Conestoga LF,Open,40.1806,-75.9144
PA,Cumberland County LF,Open,40.1344,-77.5039
PA,Evergreen Landfill,Open,40.493,-79.1373
PA,Fairless Landfill,Open,40.151865,-74.758443
PA,Frey Farm-Creswell LF,Open,39.955047,-76.446215
PA,Grand Central SLF,Open,40.8581,-75.2619
PA,Greater Lebanon Refuse Authority LF,Open,40.36401,-76.49443
PA,Greenridge Reclamation Landfill,Open,40.129,-79.5837
PA,Greentree Landfill,Open,41.2953,-78.6469
PA,GROWS Landfill,Open,40.159344,-74.776695
PA,Imperial Sanitary Landfill,Open,40.43512,-80.29125
PA,J.J. Brunner LF,Open,40.72,-80.1703
PA,Kelly Run SLF,Open,40.255541,-79.878898
PA,Lake View LF,Open,42.0619,-80.0178
PA,Lanchester LF,Open,40.1067,-75.9456
PA,Laurel Highlands LF,Open,40.4321,-78.876
PA,Lycoming County Landfill,Open,41.1519,-76.9194
PA,McKean County LF,Open,41.665,-78.6378
PA,Modern LF,Open,39.956,-76.595
PA,Monroeville LF,Open,40.405,-79.79
PA,"Mostoller Landfill, Inc.",Open,39.9719,-78.9897
PA,Mountain View Reclamation Landfill,Open,39.7947,-77.8033
PA,Northwest SLF,Open,41.019046,-79.901903
PA,Pioneer Crossing LF,Open,40.2736,-75.8139
PA,Rolling Hills LF,Open,40.3611,-75.7158
PA,Sandy Run Landfill,Open,40.132,-78.198
PA,SECCRA Community Landfill,Open,39.86729,-75.84115
PA,Seneca Landfill Inc.,Open,40.8117,-80.0783
PA,South Hills Landfill,Open,40.27858,-79.99482
PA,Southern Alleghenies LF,Open,40.2361,-78.9
PA,Valley LF,Open,40.3881,-79.6742
PA,Wayne Township LF,Open,41.1619,-77.345
PA,Western Berks Community Landfill & Recycling Center,Open,40.30281,-75.90865
PA,Westmoreland Waste SLF LLC,Open,40.1443,-79.8593
PR,Anasco Landfill,Open,18.313954,-67.143193
PR,Arecibo Landfill,Open,18.465776,-66.621264
PR,Barranquitas Landfill,Open,18.197565,-66.311485
PR,Cabo Rojo Landfill,Open,17.976252,-67.152653
PR,Carolina Landfill,Open,18.408363,-65.93762
PR,Culebra Landfill,Open,18.322022,-65.32154
PR,El Coqui Landfill,Open,18.13192,-65.808347
PR,Fajardo Municipal Landfill,Open,18.291343,-65.679315
PR,Guayama Landfill,Open,17.986272,-66.138451
PR,Hormigueros Landfill,Open,18.15081,-67.097802
PR,Isabela Landfill,Open,18.477891,-67.042169
PR,Jayuya Landfill,Open,18.206677,-66.631817
PR,Juana Diaz Landfill,Open,18.038957,-66.517424
PR,Lajas Landfill,Open,17.989905,-67.097804
PR,Mayaguez Landfill,Open,18.239143,-67.14378
PR,Moca Landfill,Open,18.414632,-67.116116
PR,Penuelas Valley Landfill,Open,18.017306,-66.702133
PR,Ponce Landfill,Open,18.008428,-66.658458
PR,Salinas Landfill,Open,17.957711,-66.236355
PR,Toa Baja LF,Open,18.421713,-66.204524
PR,Vieques Landfill,Open,18.148718,-65.417803
RI,Central LF,Open,41.80468,-71.50216
SC,Abbeville County Subtitle D MSWLF,Open,34.185,-82.5155
SC,Anderson Regional Landfill,Open,34.5752,-82.458
SC,Bees Ferry Road Subtitle D LF,Open,32.81028,-80.10907
SC,Berkeley County Subtitle D LF,Open,33.1325,-80.04275
SC,Georgetown County Subtitle D LF,Open,33.4529,-79.3153
SC,Greenwood County Landfills,Open,34.1977,-82.0779
SC,Hickory Hill MSWLF,Open,32.495,-80.968
SC,Horry County SWA Landfill,Open,33.8158,-78.9609
SC,"Lee County LF, LLC",Open,34.18,-80.2725
SC,Northeast Sanitary Landfill,Open,34.01375,-80.6839
SC,Oakridge Landfill Inc.,Open,33.135913,-80.3963
SC,Richland County Landfill,Open,34.1042,-80.782
SC,Three Rivers Regional Subtitle D MSWLF,Open,33.3563,-81.80951
SC,Twin Chimneys Landfill,Open,34.54,-82.312
SC,Union County Regional MSW Landfill,Open,34.6125,-81.821
SC,Wellford LF,Open,34.99667,-82.13861
SD,Brookings Regional Landfill,Open,44.343,-96.735
SD,Brown County Landfill,Open,45.471056,-98.621521
SD,Pierre Landfill,Open,44.332,-100.0715
SD,Rapid City Landfill,Open,44.026,-103.198
SD,Sioux Falls Regional Sanitary Landfill (SFRSL),Open,43.5005,-96.93
SD,Tri-County Landfill,Open,43.7624,-99.2122
SD,Vermillion Landfill,Open,42.832,-96.976
SD,Watertown Regional Landfill,Open,44.8474,-97.0872
TN,Alcoa/ Maryville/ Blount County Landfill,Open,35.73606,-84.05903
TN,Bi-County LF,Open,36.5387,-87.5448
TN,Bolivar-Hardeman County LF,Open,35.2869,-89.054
TN,Bradley County LF,Open,35.157,-84.966
TN,Carter Valley Landfill,Open,36.5417,-82.7917
TN,Cedar Ridge LF,Open,35.46,-86.8375
TN,Chestnut Ridge LF,Open,36.115,-84.038
TN,City of Chattanooga Landfill,Open,35.1927,-85.0694
TN,Cocke County LF,Open,35.9559,-83.1502
TN,Dyersburg City LF,Open,35.9927,-89.368
TN,Earth Complex,Open,,
TN,Eco-Safe Landfill,Open,36.56115,-82.35006
TN,Iris Glen Environmental Center,Open,36.3294,-82.3322
TN,Jackson-Madison County Landfill,Open,35.59,-88.876414
TN,Jefferson County LF,Open,36.0587,-83.4089
TN,Lakeway Sanitation & Recycling Class I,Open,36.148473,-83.203596
TN,Lauderdale County LF,Open,35.8298,-89.494
TN,Matlock Bend Landfill,Open,35.7467,-84.4119
TN,Meadow Branch Landfill,Open,35.4828,-84.681
TN,Middle Point Landfill,Open,35.94083,-86.35837
TN,Milan City LF,Open,35.929,-88.795
TN,Morristown Balefill Landfill,Open,36.1524,-83.2991
TN,North Shelby Landfill,Open,35.327,-89.945
TN,Northwest Tennessee Landfill,Open,36.4025,-89.152
TN,Paris-Henry County LF,Open,36.318,-88.3565
TN,Rhea County LF,Open,35.56,-84.912
TN,"Sevier Solid Waste, Incorporated",Open,35.8192,-83.5538
TN,Smith County LF,Open,36.269692,-85.933982
TN,South Shelby Landfill,Open,34.99809,-89.9189
TN,Upper Cumberland LF,Open,36.560415,-85.70786
TN,Volunteer Regional Landfill,Open,36.551,-84.486
TN,West Camden Sanitary Landfill,Open,36.0545,-88.1375
TN,White County LF,Open,35.893,-85.582
TX,121 Regional Disposal Facility,Open,33.295432,-96.518814
TX,Abilene Environmental Landfill,Open,32.530345,-99.745768
TX,Abilene Regional Landfill,Open,32.535,-99.7535
TX,Altair Disposal Services LLC,Open,29.594168,-96.486668
TX,Angelina County Waste Management Center,Open,31.24451,-94.69937
TX,Arlington LF,Open,32.8,-97.108334
TX,Atascocita RDF,Open,29.958334,-95.238334
TX,Austin Community RDF,Open,30.34522,-97.61395
TX,Baytown Landfill,Open,29.671667,-94.916667
TX,Blossom Prairie Landfill,Open,33.623,-95.335
TX,Blue Ridge LF,Open,29.5559,-95.4419
TX,Brownsville Municipal Landfill,Open,25.936,-97.385
TX,Caliche Canyon LF,Open,33.670834,-101.86
TX,Camelot Landfill,Open,33.029167,-96.951
TX,Cefe Valenzuela Landfill,Open,27.636667,-97.568056
TX,Charles M Hinton Jr Regional Landfill,Open,32.959,-96.543
TX,Charter Waste Landfill,Open,31.7548,-102.5396
TX,City of Amarillo Landfill,Open,35.23,-102.0175
TX,City of Beaumont LF,Open,30.028925,-94.124053
TX,City of Brownwood Landfill,Open,31.633334,-98.966667
TX,City of Corsicana LF,Open,32.091668,-96.414167
TX,City of Denton Landfill,Open,33.190001,-97.075834
TX,City of Edinburg Landfill,Open,26.397651,-98.125471
TX,City of Fort Worth Southeast Landfill,Open,32.647501,-97.239168
TX,City of Grand Prairie LF,Open,32.77166,-96.95
TX,City of Kingsville Landfill,Open,27.4467,-97.818
TX,City of Laredo LF,Open,27.49417,-99.41
TX,City of Midland MSW Landfill,Open,31.966801,-101.933389
TX,City of Nacogdoches Landfill,Open,31.65,-94.673334
TX,City of Pampa LF,Open,35.571667,-100.923334
TX,City of Perryton Landfill,Open,36.41667,-100.78834
TX,City of Port Arthur Landfill,Open,29.87334,-94.07167
TX,City of Snyder Landfill,Open,32.683427,-100.81364
TX,City of Sweetwater LF,Open,32.455,-100.43
TX,City of Victoria Landfill,Open,28.6934,-96.9067
TX,City of Waco LF,Open,31.475001,-97.258334
TX,City of Wichita Falls LF,Open,33.87365,-98.65477
TX,Clint Landfill,Open,31.594183,-106.173361
TX,Coastal Plains RDF,Open,29.424167,-95.190834
TX,Colorado City Landfill,Open,32.421,-100.87
TX,Covel Gardens RDF,Open,29.35008,-98.64631
TX,CSC Disposal and Landfill,Open,32.223334,-96.787501
TX,DFW Recycling & Disposal Facility,Open,33.01615,-96.96316
TX,ECD Landfill,Open,32.391,-96.6526
TX,El Centro Landfill,Open,27.739063,-97.652096
TX,Ellis County LF,Open,32.391668,-96.655834
TX,Fort Bend Regional Landfill,Open,29.3965,-95.7259
TX,Fort Hood Landfill,Open,31.1564,-97.83331
TX,Galveston County LF,Open,29.3881,-95.0559
TX,Golden Triangle Landfill,Open,29.993334,-94.169167
TX,Greenwood Farms Landfill,Open,32.369167,-95.182501
TX,Hillside Landfill,Open,33.582,-96.536
TX,Hunter Ferrell Landfill,Open,32.7839,-96.9389
TX,IESI Buffalo Creek Landfill,Open,33.953033,-98.684875
TX,IESI East Texas Regional Landfill,Open,32.125,-94.7075
TX,IESI Hardin County Landfill,Open,30.341358,-94.3567
TX,IESI Turkey Creek Landfill,Open,32.3562,-97.202
TX,IESI Weatherford Landfill,Open,32.716,-97.8585
TX,Itasca Landfill,Open,32.19,-97.109
TX,Kerrville Landfill,Open,30.016747,-99.118175
TX,La Gloria Ranch Landfill,Open,26.411591,-98.346247
TX,Lacy Lakeview RDF,Open,31.60481,-97.06249
TX,Maloy Landfill,Open,33.2423,-95.90413
TX,McCarty Road LF,Open,29.827501,-95.243334
TX,McCombs LF,Open,31.995,-106.405
TX,McCommas Bluff Landfill,Open,32.684168,-96.718334
TX,Mesquite Creek LF,Open,29.74208,-98.02926
TX,Mexia Landfill,Open,31.6659,-96.5143
TX,New Boston Landfill,Open,33.4641,-94.4354
TX,Newton County Landfill,Open,30.342953,-93.84162
TX,North County C&D Landfill,Open,29.484,-95.053
TX,Paris Landfill,Open,33.779,-95.565
TX,Pine Hill LF,Open,32.45,-94.832
TX,Pleasant Oaks Landfill,Open,33.1167,-95.0143
TX,Polk County Landfill,Open,30.83268,-94.92369
TX,Royal Oaks Landfill,Open,32.0022,-95.268
TX,San Angelo Landfill,Open,31.5013,-100.3868
TX,Seabreeze Environmental Landfill,Open,29.090834,-95.36
TX,Security Recycling and Disposal LF,Open,30.3292,-95.2692
TX,Skyline LF,Open,32.549,-96.68
TX,Southwest Landfill,Open,35.002,-101.959
TX,Temple Recycling & Disposal Facility,Open,31.07946,-97.30919
TX,Tessman Road Landfill,Open,29.435834,-98.339168
TX,Texas Disposal Systems LF,Open,30.109,-97.757
TX,Texoma Area Solid Waste Authority Landfill,Open,33.6322,-96.8419
TX,Twin Oaks Landfill,Open,30.598127,-96.144866
TX,West Texas Region Disposal Facility,Open,33.815,-101.933
TX,Whispering Pines LF,Open,29.879,-95.266
TX,Williamson County LF,Open,30.602,-97.554
UT,Bayview LF,Open,40.033856,-111.958306
UT,Beaver County LF,Open,38.3059,-112.668
UT,Bountiful Sanitary LF,Open,40.913,-111.92
UT,Davis County Landfill,Open,41.114,-111.931
UT,Duchesne County LF,Open,40.267501,-110.366667
UT,ECDC Environmental Landfill,Open,39.534,-110.448
UT,Emery County LF,Open,39.2623,-111.029
UT,Eskdale LF,Open,,
UT,Garfield County/John's Valley LF,Open,37.7988,-112.0745
UT,Iron County/ Armstrong Pit LF,Open,37.713889,-113.232223
UT,Juab Rural Development Agency Landfill,Open,39.684446,-111.925279
UT,Kane County/Kanab LF,Open,37.005556,-112.5
UT,Long Valley Sanitary Landfill,Open,37.299167,-112.608056
UT,Manila City LF,Open,40.941112,-109.699168
UT,Millard County LF,Open,39.32055,-112.47138
UT,North Valley Landfill (NVL),Open,41.992,-112.051
UT,Partoun LF,Open,,
UT,Rich County LF,Open,41.777779,-111.153612
UT,Salt Lake Valley LF,Open,40.746,-112.042
UT,Sevier County/Sage Flat LF,Open,38.835001,-111.901945
UT,Summit County/Three Mile Canyon LF,Open,40.758334,-111.400834
UT,Tekoi Landfill,Open,40.358323,-112.724416
UT,Trans-Jordan LF,Open,40.55862,-112.053
UT,Uintah County/Vernal City LF,Open,40.465,-109.47222
UT,Wasatch Regional Landfill,Open,40.8411,-112.73333
UT,Washington County Landfill,Open,37.1432,-113.445
UT,White Hills Class I LF,Open,39.12361,-111.7489
VA,Accomack County Northern Landfill,Open,37.906058,-75.53342
VA,Amherst County Landfill,Open,37.4763,-79.0376
VA,Atlantic Waste Disposal Inc.,Open,37.06925,-77.18108
VA,Augusta County Service Authority Landfill,Open,38.0795,-79.055
VA,Battle Creek Landfill,Open,38.622,-78.586
VA,Bedford City Hylton Site,Open,37.3333,-79.50416
VA,Bedford County SLF 2,Open,37.255,-79.4888
VA,Bethel LF,Open,37.07201,-76.42704
VA,Botetourt County Landfill,Open,37.47,-80.01
VA,Brunswick Waste Management Facility,Open,36.745,-77.8035
VA,Carroll-Grayson-Galax SW Authority (CGGSWA) Regional Landfill,Open,36.7595,-80.749
VA,Charles City County SLF,Open,37.43919,-77.13331
VA,City of Bristol Virginia Integrated Solid Waste Management Facility,Open,36.6035,-82.1543
VA,Franklin County SLF,Open,36.927,-79.8626
VA,Frederick County Regional Landfill,Open,39.1416,-78.0988
VA,Greensville County LF,Open,36.745,-77.6
VA,King and Queen Landfill,Open,37.665,-76.77
VA,King George Landfill Inc.,Open,38.26964,-77.30596
VA,Livingston Landfill,Open,38.128,-77.706
VA,Loudoun County SLF,Open,39.0421,-77.5813
VA,Louisa County Sanitary Landfill,Open,37.989204,-77.883777
VA,Lunenburg Disposal & Recycling Center,Open,36.924,-78.243
VA,Maplewood Recycling & Waste Disposal,Open,37.307,-78.0634
VA,Middle Peninsula Landfill,Open,37.5202,-76.6201
VA,New River Resource Authority SWMF,Open,37.1975,-80.685
VA,Nottoway County Sanitary Landfill - Blackstone,Open,37.113699,-78.018805
VA,Old Dominion LF,Open,37.508,-77.376
VA,Orange County Landfill,Open,38.245727,-78.033871
VA,Peters Mountain LF,Open,37.772,-80.0725
VA,Pittsylvania County Landfill,Open,36.767,-79.4135
VA,Prince Edward County SLF,Open,37.285,-78.488
VA,Prince William County Sanitary Landfill,Open,38.638,-77.422
VA,Region 2000 Regional Landfill - Livestock Road Facility,Open,37.278,-79.152
VA,Rockbridge County SLF,Open,37.76936,-79.35802
VA,Rockingham County Landfill,Open,38.399,-78.8811
VA,Shenandoah County LF,Open,38.8433,-78.5508
VA,Shoosmith SLF,Open,37.3512,-77.4956
VA,Smith Gap Regional Landfill,Open,37.29,-80.214
VA,SPSA Regional LF,Open,36.759,-76.522
VA,SRPSA Butcher Creek Landfill,Open,36.725,-78.44
VA,Stafford County LF,Open,38.385,-77.4125
VA,Tazewell County Landfill,Open,37.185,-81.444
VA,Virginia Beach Landfill No. 2,Open,36.785,-76.205
VI,Anguilla Landfill,Open,17.706,-64.778
VT,NEWSVT Landfill,Open,44.908583,-72.2215
WA,Asotin County LF,Open,46.38551,-117.1097
WA,Bruce LF,Open,47.1346,-118.3969
WA,Cedar Hills Regional LF,Open,47.442,-122.06
WA,Cheyne Road LF,Open,46.478451,-120.268898
WA,Cowlitz County Headquarters Landfill,Open,46.248725,-122.778109
WA,Ephrata LF,Open,47.27,-119.574
WA,Greater Wenatchee LF,Open,47.4042,-120.1704
WA,Land Recovery Landfill,Open,46.971,-122.2905
WA,Okanogan Central LF,Open,48.34,-119.621
WA,Roosevelt Regional MSW Landfill,Open,45.805,-120.174
WA,Ryegrass LF,Open,46.965,-120.213
WA,Stevens County LF,Open,48.5759,-117.859
WA,Sudbury Road LF,Open,46.075,-118.41
WI,Adams County Resource Recovery LF,Open,44.02489,-89.84648
WI,Cranberry Creek Landfill LLC,Open,44.40918,-89.85482
WI,Dane County LF #2-Rodefeld,Open,43.045,-89.254
WI,Deer Track Park Landfill,Open,43.0869,-88.7566
WI,Emerald Park Landfill LLC,Open,42.851,-88.0745
WI,Glacier Ridge Landfill LLC,Open,43.465,-88.555
WI,Hickory Meadows Landfill LLC,Open,44.105,-88.192
WI,Highway G Sanitary LF,Open,45.968199,-89.415766
WI,Janesville City/Rock County Landfill,Open,42.7046,-89.0218
WI,Kestrel Hawk Landfill,Open,42.7074,-87.8703
WI,La Crosse County Landfill,Open,43.878,-91.157
WI,Lake Area Landfill,Open,45.689,-91.831
WI,Lincoln County SLF,Open,45.2852,-89.6058
WI,Mallard Ridge Landfill Inc.,Open,42.64412,-88.7218
WI,Marathon County Landfill,Open,44.890439,-89.384867
WI,Marinette/Oconto County LF,Open,45.24771,-88.0897
WI,Metro RDF,Open,42.84951,-88.065
WI,Moccasin Mike SLF,Open,46.671,-91.9665
WI,Orchard Ridge RDF,Open,43.188,-88.0765
WI,Outagamie County LF,Open,44.2872,-88.3487
WI,Pheasant Run Recycling and Disposal Facility,Open,42.58275,-88.04383
WI,Ridgeview RDF,Open,44.1725,-87.8418
WI,Ridgeville Site II,Open,43.873,-90.578
WI,Seven Mile Creek Landfill,Open,44.8375,-91.3672
WI,Timberline Trail Recycling & Disposal Facility,Open,45.45417,-91.35838
WI,Valley Trail Recycling & Disposal Facility,Open,43.95983,-88.90632
WI,Vernon County Solid Waste/Recycling Facility,Open,43.59791,-90.839915
WV,Brooke County LF (Subtitle D),Open,40.38123,-80.57751
WV,City of Charleston Landfill,Open,38.31279,-81.61854
WV,Copper Ridge LF,Open,37.48,-81.6
WV,Disposal Service Inc. Landfill,Open,38.405,-82.019
WV,Elkins Landfill,Open,38.929,-79.98655
WV,Greenbrier County Landfill,Open,37.8276,-80.3793
WV,Ham Sanitary Landfill Inc.,Open,37.43632,-80.76918
WV,LCS Services Landfill,Open,39.57302,-77.98788
WV,Meadowfill Landfill,Open,39.33861,-80.25694
WV,Mercer County Landfill,Open,37.33199,-81.12497
WV,Nicholas County Solid Waste Authority LF,Open,38.3385,-80.71
WV,Northwestern Landfill,Open,39.24923,-81.49249
WV,Pocahontas County Landfill,Open,38.279,-79.9365
WV,Raleigh County SWA Landfill,Open,37.8167,-81.1631
WV,S & S Grading Inc. Landfill,Open,39.22057,-80.40832
WV,Short Creek Sanitary Landfill,Open,40.14831,-80.64112
WV,Sycamore Landfill,Open,38.3995,-82.025
WV,Tucker County Landfill,Open,39.142,-79.47
WV,Wetzel County Landfill,Open,39.60502,-80.85639
WY,Campbell County Landfill No.2,Open,44.281,-105.512
WY,Casper Balefill,Open,42.873192,-106.283097
WY,Cheyenne Landfill,Open,41.135,-105.005
WY,Eastern Laramie County SWDD,Open,41.230852,-104.336488
WY,Sheridan Existing Landfill,Open,44.804335,-106.923406